Gene,Example drug(s),Our diplotype/status,Our phenotype,PharmCAT diplotype/status,PharmCAT phenotype,Comparison,Comment
CYP2C19,Clopidogrel / Voriconazole / Sertraline,*1/*2,Intermediate Metabolizer,*1/*2,Intermediate Metabolizer,match,"Полное совпадение по diplotype и phenotype. Хороший пример, где marker-based подход работает так же, как PharmCAT."
CYP2B6,Efavirenz / Sertraline,reference-like / no alternate marker,normal/reference-like,*1/*1,Normal Metabolizer,match,"Смысл совпадает: значимых alternate markers не найдено, нормальный метаболизм."
CYP2C9,Warfarin / NSAIDs,reference-like / no alternate marker,normal/reference-like,*1/*1,Normal Metabolizer,match,Смысл совпадает: CYP2C9 decreased-function alleles в нашем наборе не найдены.
CYP3A4,Diazepam / Dronabinol / Lovastatin,reference-like / no alternate marker,normal/reference-like,*1/*1,Normal Metabolizer,match,Смысл совпадает: PharmCAT тоже определяет нормальный CYP3A4.
CYP3A5,Tacrolimus,*3/*3,Poor Metabolizer,*3/*3,Poor Metabolizer,match,Полное совпадение по diplotype и phenotype.
ABCG2,Rosuvastatin,Q141K heterozygous,Decreased Function,rs2231142 reference/variant,Decreased Function,match,Совпадает функциональный вывод: сниженная функция ABCG2.
VKORC1,Warfarin,rs9923231 heterozygous,Sensitive (low dose),rs9923231 reference/variant,-1639 AG / higher coumarin sensitivity,directional match,"Текст phenotype отличается, но смысл совпадает: повышенная чувствительность к варфарину/кумаринам."
NAT2,Isoniazid,SNP panel: rs1801280 + rs1799931 + rs1041983,Slow Acetylator; incomplete,*5/*7,Poor Metabolizer,directional match,"Смысл совпадает: медленный ацетилятор. PharmCAT точнее собирает NAT2 haplotype, наш код честно помечает упрощение."
TPMT,Sulfasalazine,reference-like / no alternate marker,normal/reference-like,*1/*1,Normal Metabolizer,match,Смысл совпадает: нормальная функция TPMT.
SLCO1B1,Statins,reference-like / no alternate marker,normal/reference-like,*37/*37; also possible *37/*42,Normal Function / possible Indeterminate,partial match,"Основной вывод нормальный, но PharmCAT показывает несколько возможных diplotypes; это ограничение нашего упрощенного marker-based подхода."
CYP4F2,Warfarin,*1/*3,unknown / increased dose requirement,*3/*5 or *3/*23,no phenotype assigned,partial match,"Оба пайплайна видят *3-сигнал, но PharmCAT дополнительно предлагает другие diplotypes и не назначает phenotype."
CFTR,Ivacaftor,no alternate/risk marker detected,reference-like; incomplete,S549N heterozygous,ivacaftor responsive in CF patients,mismatch,"Важное отличие: PharmCAT нашел CFTR S549N, наш прототип не интерпретировал его как actionable из-за неполной CFTR panel/rule coverage."
CYP2D6,Codeine / Amphetamine / Nebivolol,*1/*3,Intermediate Metabolizer; incomplete,Unknown/Unknown,No Result,not comparable,PharmCAT в этом запуске не делал CYP2D6 calling (callCyp2d=false); у нас CYP2D6 оценен упрощенно и помечен incomplete из-за CNV.
HLA-B,Allopurinol,proxy-negative by observed proxies,reference-like; incomplete; LOW confidence,Unknown/Unknown,No Result,not comparable,"Оба результата не являются прямым HLA typing. Наш код использует proxy SNP, PharmCAT не дал HLA-B call."
G6PD,Sulfasalazine,not enough data,incomplete,Unknown,No Result,not comparable,"G6PD требует отдельной осторожной интерпретации, включая пол пациента; прямого сопоставимого результата нет."
